campaignIndex,worldId,worldName,positionInWorld,sourceFile,exportName,title,hint,boss,signature,roleTags,obstacles,gravityZones,magnets,magnetAttract,magnetRepel,portals,gates,movingPlatforms,hazards,hazStatic,hazSweep,hazArm,hazBeam,orbs,collectAllToWin,movingGoal,startVelocity,entityCount,bodies,ballX,ballY,goalX,goalY,goalR,dStraight,withinReach,pathLen,tortuosity,routeUsesPortal,gatesCrossed,parTimeMs,timeLimitMs,idealMs,timerRatio,parRatio,gemX,gemY,gemEuclidDetour,gemPathDetour,ballHazClearPath,goalHazClear,hazNearRoute,obsOnLine,goalCaptureFrac,oob,geo,idleOutcome,idleMs,D,D3,fingerprint
1,1,FOUNDATIONS,1,src/config/levels/level1.ts,level1,,Hold to pull — bring the star home,false,false,TOY,0,0,0,0,0,0,0,0,0,0,0,0,0,0,false,false,false,3,5,150,560,255,305,52,275.8,true,243,1.09,false,0,15000,,1100,,13.64,205,435,0.1,0,,,0,0,100,,,none,8000,0.6,0.78,b3eaea7b
2,1,FOUNDATIONS,2,src/config/levels/level4.ts,level4,,Fling the star — watch it streak home,false,false,TOY,0,0,0,0,0,0,0,0,0,0,0,0,0,0,false,false,false,3,5,40,400,330,400,46,290,true,248,1.02,false,0,12000,,1117,,10.75,185,400,0,0,,,0,0,70.3,,,none,8000,0.83,1.05,3dbf31ef
3,1,FOUNDATIONS,3,src/config/levels/level91.ts,level91,,Gather the stars — then draw the constellation home,false,false,TOY; TEACH,0,0,0,0,0,0,0,0,0,0,0,0,0,3,true,false,false,6,5,180,650,180,150,40,500,false,464,1.01,false,0,18000,,1667,,10.8,305,240,82.7,83.2,,,0,0,100,,,none,8000,2.16,2.52,a65c91b9
4,1,FOUNDATIONS,4,src/config/levels/level2.ts,level2,,Two gaps — the gem is past the right one,false,false,,2,0,0,0,0,0,0,0,0,0,0,0,0,0,false,false,false,5,7,180,660,180,150,40,510,false,475,1.01,false,0,14000,,1683,,8.32,335,250,112.8,116.8,,,0,1,100,,,none,8000,1.89,2.37,d8ee3374
5,1,FOUNDATIONS,5,src/config/levels/level3.ts,level3,,"Thread the channel for speed, or take the slow sides",false,false,,2,0,0,0,0,0,0,0,0,0,0,0,0,0,false,false,false,5,7,180,660,180,140,36,520,false,488,1.01,false,0,15000,,1717,,8.74,180,400,0,0,,,0,0,100,,,none,8000,2.11,2.39,eaf108a1
6,1,FOUNDATIONS,6,src/config/levels/level5.ts,level5,,Straight up is blocked — slip in from the side,false,false,AHA,3,0,0,0,0,0,0,0,0,0,0,0,0,0,false,false,false,6,8,180,660,170,165,26,495.1,false,596,1.27,false,0,16000,,1967,,8.14,315,560,93.7,9.9,,,0,1,100,,,none,8000,3.15,3.46,a7715025
7,1,FOUNDATIONS,7,src/config/levels/level28.ts,level28,,"This time, head down",false,false,DESCENT,1,0,0,0,0,0,0,0,0,0,0,0,0,0,false,false,false,4,6,180,290,300,680,34,408,false,402,1.08,false,0,14000,,1517,,9.23,60,650,213.3,299.2,,,0,1,100,,,none,8000,2.12,2.88,d0cd0920
8,1,FOUNDATIONS,8,src/config/levels/level65.ts,level65,THE GAUNTLET,Find the one clean line,false,true,SIGNATURE,5,0,0,0,0,0,0,0,0,0,0,0,0,0,false,false,false,8,10,180,670,180,110,30,560,false,953,1.8,false,0,20000,,2733,,7.32,310,510,66.8,73,,,0,5,100,,,none,8000,4.31,4.76,acf39b29
9,1,FOUNDATIONS,9,src/config/levels/level29.ts,level29,,The wide centre gap is a trap — go around,false,false,AHA; DECOY,5,0,0,0,0,0,0,0,0,0,0,0,0,0,false,false,false,8,10,180,660,180,120,30,540,false,615,1.21,false,0,16000,,2000,,8,175,400,0.1,130.6,,,0,1,100,,,none,8000,2.91,3.43,17463c8a
10,1,FOUNDATIONS,10,src/config/levels/level66.ts,level66,THE COLLAPSE,Descend the shaft — bring the star home,true,false,BOSS; DESCENT,5,0,0,0,0,0,0,0,2,2,0,0,0,0,false,false,false,10,10,180,90,180,690,28,600,false,822,1.44,false,0,26000,,2450,,10.61,300,190,70.4,48.2,255.5,188.5,1,5,100,,,none,8000,4.61,4.92,f1fd697e
11,2,CURRENTS,1,src/config/levels/level7.ts,level7,,Surf the current straight up,false,false,TOY,0,1,0,0,0,0,0,0,0,0,0,0,0,0,false,false,false,4,5,180,650,180,140,46,510,false,468,1.01,false,0,9000,,1667,,5.4,180,300,0,0,,,0,0,100,,,win,1400,1.87,2.31,215588a3
12,2,CURRENTS,2,src/config/levels/level11.ts,level11,,Let the breeze carry the star home,false,false,TOY,0,1,0,0,0,0,0,0,0,0,0,0,0,0,false,false,false,4,5,55,430,320,300,46,295.2,true,270,1.08,false,0,14000,,1183,,11.83,55,250,154.5,106.6,,,0,0,82.9,,,win,1817,1.25,1.63,ddefab46
13,2,CURRENTS,3,src/config/levels/level9.ts,level9,,Counter the crosswind as you climb,false,false,TWIST,0,1,0,0,0,0,0,0,0,0,0,0,0,0,false,false,false,4,5,180,660,150,110,34,550.8,false,527,1.02,false,0,12000,,1800,,6.67,300,360,63.8,76.2,,,0,0,100,,,none,8000,2.6,3.09,5e2b2d6a
14,2,CURRENTS,4,src/config/levels/level30.ts,level30,,Which current actually reaches the goal?,false,false,,1,2,0,0,0,0,0,0,0,0,0,0,0,0,false,false,false,6,6,180,660,290,130,34,541.3,false,540,1.06,false,0,13000,,1833,,7.09,90,250,111.7,78.8,,,0,0,100,,,none,8000,2.68,3.15,f188e29b
15,2,CURRENTS,5,src/config/levels/level10.ts,level10,,Let the lift hand you to the wind,false,false,COMBINE; AHA,1,2,0,0,0,0,0,0,0,0,0,0,0,0,false,false,false,6,6,90,660,305,160,30,544.3,false,557,1.08,false,0,15000,,1867,,8.04,90,200,134.4,79.7,,,0,1,100,,,none,8000,2.94,3.37,349eff7c
16,2,CURRENTS,6,src/config/levels/level93.ts,level93,,"Ride the lift, then break for the goal",false,false,DEVELOP,0,1,0,0,0,0,0,0,0,0,0,0,0,0,false,false,false,4,5,90,660,290,150,38,547.8,false,552,1.08,false,0,13000,,1867,,6.96,90,175,138.7,79.7,,,0,0,100,,,none,8000,2.53,3.01,7548e726
17,2,CURRENTS,7,src/config/levels/level8.ts,level8,THE WHIRLPOOL,Ride the whirlpool — break for the calm eye,false,true,SPECTACLE,0,4,0,0,0,0,0,0,0,0,0,0,0,0,false,false,false,7,5,180,705,180,400,34,305,true,272,1,false,0,16000,,1183,,13.52,180,270,260,208,,,0,0,100,,,none,8000,1.76,2.29,3b452065
18,2,CURRENTS,8,src/config/levels/level32.ts,level32,,"Plan the relay: up, across, up",false,false,AHA,0,3,0,0,0,0,0,0,0,0,0,0,0,0,false,false,false,6,5,70,660,300,130,28,577.8,false,595,1.08,false,0,17000,,1967,,8.64,70,200,122.7,71,,,0,0,100,,,none,8000,3.12,3.52,3868b50f
19,2,CURRENTS,9,src/config/levels/level67.ts,level67,THE EYE,Find the calm eye of the storm,false,true,SIGNATURE,0,4,0,0,0,0,0,0,0,0,0,0,0,0,false,false,false,7,5,180,700,180,120,28,580,false,556,1.01,false,0,19000,,1867,,10.18,310,450,56.5,81.2,,,0,0,100,,,none,8000,2.95,3.32,d323d966
20,2,CURRENTS,10,src/config/levels/level68.ts,level68,THE MAELSTROM,Read the drift — intercept the star at the eye,true,false,BOSS,0,2,0,0,0,0,0,0,1,0,1,0,0,0,false,true,false,6,5,180,705,110,165,28,544.5,false,512,0.99,false,0,26000,,1767,,14.72,305,600,95.4,51.4,382,82,1,0,100,,,none,8000,4.35,4.6,4d5a640f
21,3,CLOCKWORK,1,src/config/levels/level12.ts,level12,,The gear slides aside — slip through as it opens,false,false,TOY,2,0,0,0,0,0,0,1,0,0,0,0,0,0,false,false,false,6,8,180,660,180,140,46,520,false,476,1,false,0,12000,,1683,,7.13,180,250,0,0,,,0,0,100,,,none,8000,2.13,2.47,2a4be088
22,3,CLOCKWORK,2,src/config/levels/level14.ts,level14,,"Fast lane for the gem, slow lane to be safe",false,false,,0,0,0,0,0,0,0,2,0,0,0,0,0,0,false,false,false,5,7,180,660,180,120,34,540,false,508,1,false,0,16000,,1767,,9.06,90,200,49.1,49.7,,,0,0,100,,,none,8000,2.8,3.14,53f36a0a
23,3,CLOCKWORK,3,src/config/levels/level13.ts,level13,,Slip past the sweeping bar,false,false,DEVELOP,0,0,0,0,0,0,0,1,0,0,0,0,0,0,false,false,false,4,6,65,640,310,150,36,547.8,false,554,1.08,false,0,13000,,1867,,6.96,200,300,4,0,,,0,0,100,,,none,8000,2.88,3.23,efd44651
24,3,CLOCKWORK,4,src/config/levels/level15.ts,level15,,You can't rush both — stage between them,false,false,AHA; STAGE; PATIENCE,0,0,0,0,0,0,0,2,0,0,0,0,0,0,false,false,false,5,7,180,660,180,110,30,550,false,524,1.01,false,0,17000,,1800,,9.44,300,385,50.1,71.2,,,0,0,100,,,none,8000,3.03,3.41,e51a0caa
25,3,CLOCKWORK,5,src/config/levels/level16.ts,level16,,Read the rhythm — thread both gaps,false,false,,0,0,0,0,0,0,0,2,0,0,0,0,0,0,false,false,false,5,7,180,660,180,110,32,550,false,520,1,false,0,16000,,1783,,8.97,180,385,0,0,,,0,0,100,,,none,8000,2.92,3.19,38838bf6
26,3,CLOCKWORK,6,src/config/levels/level92.ts,level92,,Gather the orrery — connect the clockwork home,false,false,TOY,0,0,0,0,0,0,0,1,0,0,0,0,0,3,true,false,false,7,6,180,660,180,150,40,510,false,472,1,false,0,18000,,1683,,10.69,305,240,82.2,83.2,,,0,0,100,,,none,8000,2.72,3.09,e0946ffa
27,3,CLOCKWORK,7,src/config/levels/level34.ts,level34,,"Ride the lift, time the gate",false,false,COMBINE,0,1,0,0,0,0,0,1,0,0,0,0,0,0,false,false,false,5,6,110,660,110,110,30,550,false,524,1.01,false,0,17000,,1800,,9.44,300,200,157.9,166,,,0,0,100,,,none,8000,3.33,3.86,4ae94fe4
28,3,CLOCKWORK,8,src/config/levels/level33.ts,level33,,Patience — wait for the opening (and time the beam for the gem),false,false,AHA; PATIENCE,2,0,0,0,0,0,0,1,1,0,0,0,1,0,false,false,false,7,8,180,660,180,120,28,540,false,516,1.01,false,0,17000,,1783,,9.53,300,262,61.6,71.2,304.1,206.8,0,0,100,,,none,8000,3.42,3.79,81df6fcd
29,3,CLOCKWORK,9,src/config/levels/level69.ts,level69,THE GEARWORKS,Time the machine — and dare the spinning gear for the gem,false,true,SIGNATURE,0,0,0,0,0,0,0,4,1,0,0,1,0,0,false,false,false,8,9,180,700,180,110,28,590,false,564,1,false,0,20000,,1883,,10.62,300,495,50.8,72.9,136.1,305.8,1,0,100,,,none,8000,4.41,4.76,f8b8151c
30,3,CLOCKWORK,10,src/config/levels/level70.ts,level70,THE MACHINE,"Ride the gears, slip the teeth — reach the core",true,false,BOSS,0,0,0,0,0,0,0,3,3,0,3,0,0,0,false,false,false,9,8,180,710,180,90,24,620,false,600,1.01,false,0,28000,,1967,,14.24,300,600,66.7,72.9,174,24,3,0,100,,,none,8000,6.49,6.78,87de71bc
31,4,PERIL,1,src/config/levels/level17.ts,level17,,"Weave between the sparks — red bites, but the lanes are wide",false,false,TOY; OPENER,0,0,0,0,0,0,0,0,3,3,0,0,0,0,false,false,false,6,5,180,660,180,120,44,540,false,500,1.01,false,0,12000,,1750,,6.86,290,490,48.5,63,142.3,87.3,3,0,100,,,none,8000,3.84,4.29,b99abbb7
32,4,PERIL,2,src/config/levels/level21.ts,level21,,Read the spin — climb when the arm swings aside,false,false,DEVELOP,0,0,0,0,0,0,0,0,1,0,0,1,0,0,false,false,false,4,5,180,660,180,110,36,550,false,516,1,false,0,13000,,1783,,7.29,180,228,0,0,133,143,1,0,100,,,none,8000,3.36,3.69,b03f913e
33,4,PERIL,3,src/config/levels/level18.ts,level18,,"Thread the gap, dodge the hazard",false,false,TWIST,1,0,0,0,0,0,0,0,1,1,0,0,0,0,false,false,false,5,6,90,660,180,110,34,557.3,false,591,1.13,false,0,13000,,1950,,6.67,90,250,19.1,53,363.4,171.1,1,1,100,,,none,8000,3.47,3.92,230bd60b
34,4,PERIL,4,src/config/levels/level19.ts,level19,,Beat the clock — reach the goal in time,false,false,,0,0,0,0,0,0,0,0,1,1,0,0,0,0,false,false,false,4,5,180,660,180,120,40,540,false,504,1.01,false,0,6000,8000,1750,4.57,3.43,290,400,43.1,63,225.3,244.6,1,0,100,,,none,8000,4.16,4.96,8fc36873
35,4,PERIL,5,src/config/levels/level20.ts,level20,,The wind pushes you toward danger — steer clear,false,false,COMBINE,0,1,0,0,0,0,0,0,1,1,0,0,0,0,false,false,false,5,5,180,660,150,110,34,550.8,false,527,1.02,false,0,13000,,1800,,7.22,250,250,37.2,36.5,242.5,282.8,0,0,100,,,none,8000,2.9,3.3,27b95333
36,4,PERIL,6,src/config/levels/level71.ts,level71,,Wait for the saw to clear the gap — then go,false,false,AHA; PATIENCE,1,0,0,0,0,0,0,0,1,0,1,0,0,0,false,false,false,5,6,65,690,200,110,40,595.5,false,595,1.07,false,0,13000,,1967,,6.61,300,250,75.4,73.7,230.2,270,1,1,100,,,none,8000,3.41,3.89,37878b19
37,4,PERIL,7,src/config/levels/level36.ts,level36,,Lift past the saw — mind the spike,false,false,COMBINE,0,1,0,0,0,0,0,0,2,1,1,0,0,0,false,false,false,6,5,180,660,180,110,30,550,false,524,1.01,false,0,14000,,1800,,7.78,300,250,61.6,71.2,120.1,228,1,0,100,,,none,8000,3.98,4.41,c2e41158
38,4,PERIL,8,src/config/levels/level72.ts,level72,,The open centre is a trap — find the safe gap,false,false,AHA; DECOY,2,0,0,0,0,0,0,0,1,0,1,0,0,0,false,false,false,6,7,180,680,65,110,34,581.5,false,581,1.06,false,0,13000,,1933,,6.72,190,360,18.2,0,210,291.1,1,1,100,,,none,8000,3.67,4.02,29414e28
39,4,PERIL,9,src/config/levels/level73.ts,level73,THE FORGE,Descend the forge — time the pistons (and the ember beam for the gem),false,true,SIGNATURE; DESCENT,0,0,0,0,0,0,0,0,4,0,3,0,1,0,false,false,false,7,5,180,90,180,700,34,610,false,576,1,false,0,15000,,1917,,7.83,335,480,78.8,102.7,120,100,3,0,100,,,none,8000,5.38,5.86,52b42aba
40,4,PERIL,10,src/config/levels/level74.ts,level74,THE INFERNO,"No clock — just nerve. Thread every band, stay calm, bring the star home",true,false,BOSS,0,0,0,0,0,0,0,0,6,3,3,0,0,0,false,false,false,9,5,180,700,180,90,26,610,false,619,1.06,false,0,17000,,2017,,8.43,300,370,45.8,39.8,90.4,44,5,0,100,,,none,8000,7.14,7.49,e58f4f22
41,5,WELLS,1,src/config/levels/level23.ts,level23,,Let the well catch you and swing you around — ride the curve home,false,false,TOY; AHA; OPENER,0,0,1,1,0,0,0,0,0,0,0,0,0,0,false,false,false,4,5,180,670,250,140,44,534.6,false,514,1.05,false,0,11000,,1767,,6.23,80,300,82.1,59.6,,,0,0,100,,,none,8000,2.11,2.59,8d815de2
42,5,WELLS,2,src/config/levels/level25.ts,level25,,"Violet wells push — commit left, the right side bites",false,false,TWIST,0,0,1,0,1,0,0,0,1,1,0,0,0,0,false,false,false,5,5,180,660,180,130,34,530,false,500,1.01,false,0,13000,,1750,,7.43,180,250,0,0,239.3,266.6,0,0,100,,,none,8000,2.84,3.16,59108320
43,5,WELLS,3,src/config/levels/level24.ts,level24,,Let the well swing you toward the goal,false,false,DEVELOP,0,0,1,1,0,0,0,0,0,0,0,0,0,0,false,false,false,4,5,80,660,300,150,38,555.4,false,560,1.08,false,0,12000,,1883,,6.37,150,300,23.4,0,,,0,0,100,,,none,8000,2.55,2.93,be8c887b
44,5,WELLS,4,src/config/levels/level38.ts,level38,,Slalom between the pushes — the centre squeeze hides a spike,false,false,TWIST,0,0,2,0,2,0,0,0,1,1,0,0,0,0,false,false,false,6,5,180,670,180,110,34,560,false,554,1.05,false,0,14000,,1867,,7.5,180,400,0,0,194,302,1,0,100,,,none,8000,3.6,3.92,38536c21
45,5,WELLS,5,src/config/levels/level26.ts,level26,,"Ride the lift, let the well pull you across",false,false,COMBINE,0,1,1,1,0,0,0,0,0,0,0,0,0,0,false,false,false,5,5,80,650,300,150,34,546.3,false,558,1.09,false,0,14000,,1883,,7.43,80,200,129.4,75,,,0,0,100,,,none,8000,3.05,3.5,25d83164
46,5,WELLS,6,src/config/levels/level75.ts,level75,,The way up is to the side — let the well pull you around,false,false,AHA,1,0,1,1,0,0,0,0,0,0,0,0,0,0,false,false,false,5,6,180,670,180,120,34,550,false,590,1.14,false,0,14000,,1950,,7.18,70,190,72.8,1.4,,,0,1,100,,,none,8000,2.88,3.22,b348908c
47,5,WELLS,7,src/config/levels/level27.ts,level27,,"Past the push, into the pull",false,false,MASTER,1,0,2,1,1,0,0,0,0,0,0,0,0,0,false,false,false,6,6,70,660,300,140,28,568.6,false,585,1.08,false,0,17000,,1933,,8.79,130,300,29.8,66.3,,,0,1,100,,,none,8000,3.1,3.48,d93a0918
48,5,WELLS,8,src/config/levels/level76.ts,level76,,Drop in above the push — ride it up the chimney,false,false,AHA,1,0,1,0,1,0,0,0,0,0,0,0,0,0,false,false,false,5,6,110,660,300,130,30,563,false,577,1.08,false,0,15000,,1917,,7.83,110,250,71.7,80.8,,,0,1,98.4,,,none,8000,2.98,3.42,32f7f540
49,5,WELLS,9,src/config/levels/level77.ts,level77,THE BINARY STAR,Thread the neutral line — drift and a star will pull you onto its core,false,true,SIGNATURE,0,0,2,2,0,0,0,0,2,2,0,0,0,0,false,false,false,7,5,180,670,180,110,30,560,false,536,1.01,false,0,15000,,1833,,8.18,180,380,0,0,267.6,248.6,0,0,100,,,none,8000,3.11,3.41,e4d64de0
50,5,WELLS,10,src/config/levels/level78.ts,level78,THE SINGULARITY,"No clock — orbit the rim, time the spinning disk, release at the apex",true,false,BOSS,0,0,1,1,0,0,0,0,3,2,0,1,0,0,false,false,false,7,5,180,690,180,100,26,590,false,568,1.01,false,0,15000,,1900,,7.89,180,410,0,0,116,146,1,0,100,,,none,8000,4.27,4.58,5d4e5cec
51,6,RIFTS,1,src/config/levels/level41.ts,level41,,Dive into the rift — blink across to the far side,false,false,TOY; AHA; OPENER,1,0,0,0,0,1,0,0,0,0,0,0,0,0,false,false,false,5,6,80,660,300,180,44,528,false,293,0.61,true,0,12000,,1233,,9.73,90,250,103.5,238.8,,,0,1,100,,,none,8000,2,2.65,855194f8
52,6,RIFTS,2,src/config/levels/level43.ts,level43,,The far mouth carries you across — then time the saw to home,false,false,TWIST,1,0,0,0,0,1,0,0,1,0,1,0,0,0,false,false,false,6,6,80,660,300,140,38,564.6,false,140,0.27,true,0,14000,,800,,17.5,90,250,82.6,274.1,442.2,17,1,1,100,"hazard0 (sweep) swept extent leaves arena [178,362]x[173,217]",,none,8000,3.19,3.78,9b74f04d
53,6,RIFTS,3,src/config/levels/level42.ts,level42,,The rift reaches the sealed chamber,false,false,DEVELOP,2,0,0,0,0,1,0,0,0,0,0,0,0,0,false,false,false,6,7,90,660,305,150,40,553.5,false,216,0.42,true,0,14000,,1033,,13.55,120,180,114.9,398,,,0,1,100,obstacle1 extends past arena,,none,8000,2.04,2.88,fac5b84b
54,6,RIFTS,4,src/config/levels/level79.ts,level79,,Hit the rift with speed — carry it up the shaft,false,false,AHA,3,0,0,0,0,1,0,0,0,0,0,0,0,0,false,false,false,7,8,180,660,180,110,26,550,false,225,0.43,true,0,15000,,1050,,14.29,180,170,0,0,,,0,1,61.7,,,none,8000,2.76,2.93,a59b1e73
55,6,RIFTS,5,src/config/levels/level44.ts,level44,,Let the lift feed you into the rift,false,false,COMBINE,1,1,0,0,0,1,0,0,0,0,0,0,0,0,false,false,false,6,6,110,660,300,130,34,563,false,453,0.86,true,0,15000,,1633,,9.18,200,610,30.2,48.7,,,0,1,100,,,none,8000,3.13,3.47,32afa900
56,6,RIFTS,6,src/config/levels/level80.ts,level80,,"To reach the goal, enter the far rift",false,false,AHA,2,0,0,0,0,1,0,0,0,0,0,0,0,0,false,false,false,6,7,300,660,90,160,30,542.3,false,85,0.17,true,0,15000,,600,,25,300,300,70.1,414.3,,,0,1,100,obstacle0 extends past arena,,none,8000,2.27,3.06,2b4ee101
57,6,RIFTS,7,src/config/levels/level46.ts,level46,,Exit the rift into the pull,false,false,COMBINE,1,0,1,1,0,1,0,0,0,0,0,0,0,0,false,false,false,6,6,180,660,300,130,32,543.4,false,214,0.42,true,0,16000,,1017,,15.74,90,250,118.2,260.3,,,0,1,100,,,none,8000,2.74,3.33,af05e98f
58,6,RIFTS,8,src/config/levels/level47.ts,level47,,Two rifts — pick wrong and the left one drops you on a spike,false,false,TWIST,2,0,0,0,0,2,0,0,1,1,0,0,0,0,false,false,false,8,7,180,660,180,120,30,540,false,268,0.53,true,0,17000,,1167,,14.57,90,360,29.5,136.7,301.2,197.1,0,2,100,,,none,8000,2.95,3.34,a822692d
59,6,RIFTS,9,src/config/levels/level81.ts,level81,HALL OF MIRRORS,"Hop the rifts, chamber by chamber — mind the spinning arm",false,true,SIGNATURE,3,0,0,0,0,3,0,0,1,0,0,1,0,0,false,false,false,10,8,180,690,180,90,28,600,false,366,0.64,true,0,20000,,1417,,14.12,300,250,56.1,23.7,163,263,1,3,100,,,none,8000,4.15,4.36,564c7c21
60,6,RIFTS,10,src/config/levels/level82.ts,level82,THE BREACH,No clock — the centre rift is bait. Find the chain that breaches the core,true,false,BOSS; DECOY,2,0,0,0,0,3,0,0,0,0,0,0,0,0,false,false,false,8,7,180,680,180,110,26,570,false,192,0.35,true,0,16000,,950,,16.84,300,400,48.5,81.3,,,0,2,100,,,none,8000,2.69,2.97,7c810367
61,7,GATES,1,src/config/levels/level50.ts,level50,,Whoosh through the one-way door — it only opens forward,false,false,TOY; AHA; OPENER,0,0,0,0,0,0,1,0,0,0,0,0,0,0,false,false,false,4,6,70,430,300,430,44,230,true,188,1.01,false,1,12000,,950,,12.63,300,250,242.1,204.6,,,0,0,100,,,none,8000,1.4,1.93,9d1d2737
62,7,GATES,2,src/config/levels/level51.ts,level51,,Drop down through the one-way gate,false,false,TWIST,1,0,0,0,0,0,1,0,0,0,0,0,0,0,false,false,false,5,7,90,660,300,650,40,210.2,true,210,1.23,false,0,17000,,1017,,16.72,90,250,651.5,591.4,,,0,1,100,,,none,8000,1.61,2.74,dc8b2762
63,7,GATES,3,src/config/levels/level49.ts,level49,,Pass up through the gate — no going back,false,false,TEACH,0,0,0,0,0,0,1,0,0,0,0,0,0,0,false,false,false,4,6,180,660,180,140,42,520,false,480,1,false,1,13000,,1700,,7.65,300,560,73,71.2,,,0,0,100,,,none,8000,2.39,2.82,121f9c0e
64,7,GATES,4,src/config/levels/level83.ts,level83,,Climb up to drop in — and time the saw on the high lane,false,false,AHA,2,0,0,0,0,0,1,0,1,0,1,0,0,0,false,false,false,7,8,70,680,180,680,34,110,true,167,2.2,false,0,16000,,883,,18.11,70,250,763.8,650.2,172,172,0,1,100,,,none,8000,3.28,4.42,bc5804ef
65,7,GATES,5,src/config/levels/level52.ts,level52,,"Grab the gem, then ride up through the gate",false,false,COMBINE,0,1,0,0,0,0,1,0,0,0,0,0,0,0,false,false,false,5,6,110,660,110,150,34,510,false,480,1.01,false,1,16000,,1700,,9.41,280,520,117.4,111,,,0,0,100,,,none,8000,3.09,3.53,dd104eef
66,7,GATES,6,src/config/levels/level84.ts,level84,,The gem costs a one-way detour past a spike — plan it before you climb,false,false,AHA,0,0,0,0,0,0,2,0,1,1,0,0,0,0,false,false,false,6,7,90,660,150,130,34,533.4,false,518,1.04,false,0,17000,,1783,,9.53,315,560,173.4,165.9,245,366.6,0,0,100,,,none,8000,2.91,3.44,3f105f2c
67,7,GATES,7,src/config/levels/level53.ts,level53,,"Up through the gate, then take the rift",false,false,COMBINE,1,0,0,0,0,1,1,0,0,0,0,0,0,0,false,false,false,6,7,180,660,180,150,32,510,false,193,0.4,true,1,17000,,967,,17.59,300,460,55.7,123.1,,,0,1,100,,,none,8000,3,3.34,e90bc823
68,7,GATES,8,src/config/levels/level54.ts,level54,,"Two gates — commit in turn, and time the saw between them",false,false,TWIST,1,0,0,0,0,0,2,0,1,0,1,0,0,0,false,false,false,7,8,120,660,300,150,30,540.8,false,554,1.08,false,2,18000,,1867,,9.64,60,300,107.2,57.9,214,233.3,1,0,100,,,none,8000,4.74,5.08,9b489c0e
69,7,GATES,9,src/config/levels/level85.ts,level85,THE LOCKWORKS,"Thread the gateworks — each door one way, and time the beam",false,true,SIGNATURE,4,0,0,0,0,0,3,0,1,0,0,0,1,0,false,false,false,11,12,90,690,180,90,28,606.7,false,619,1.07,false,3,19000,,2017,,9.42,310,460,103.7,102,215,343,1,1,100,obstacle0 extends past arena; obstacle3 extends past arena,,none,8000,5.25,5.68,8ddec72e
70,7,GATES,10,src/config/levels/level86.ts,level86,THE VAULT,"No clock — commit up, breach the wall, commit right. Open the vault in order",true,false,BOSS,1,0,0,0,0,1,2,0,0,0,0,0,0,0,false,false,false,7,8,180,680,300,110,24,582.5,false,383,0.69,true,2,16000,,1467,,10.91,300,520,27.5,180.3,,,0,1,100,,,none,8000,4.09,4.61,c895bcbf
71,8,CONVERGENCE,1,src/config/levels/level58.ts,level58,,Rift past the push — then time the saw to the goal,false,false,,1,0,1,0,1,1,0,0,1,0,1,0,0,0,false,false,false,7,6,180,660,300,140,28,533.7,false,192,0.38,true,0,17000,,967,,17.59,90,300,101.4,269.3,397.9,56,1,1,100,,,none,8000,4.09,4.68,3c792cbe
72,8,CONVERGENCE,2,src/config/levels/level60.ts,level60,,"Lift, rift, and the well brings you home",false,false,,1,1,1,1,0,1,0,0,0,0,0,0,0,0,false,false,false,7,6,80,660,300,130,26,573.8,false,509,0.93,true,0,18000,,1767,,10.19,200,620,52.7,64.2,,,0,1,100,,,none,8000,3.94,4.29,d619638e
73,8,CONVERGENCE,3,src/config/levels/level57.ts,level57,,"Lift up, then commit through the gate",false,false,,1,1,0,0,0,0,1,0,0,0,0,0,0,0,false,false,false,6,7,180,660,180,120,28,540,false,516,1.01,false,1,16000,,1783,,8.97,300,560,72.3,71.2,,,0,0,100,,,none,8000,3.47,3.85,dbaf67c9
74,8,CONVERGENCE,4,src/config/levels/level87.ts,level87,,Let the push throw you into the rift — then time the beam to home,false,false,AHA,0,0,1,0,1,1,0,0,1,0,0,0,1,0,false,false,false,6,5,180,660,300,150,26,523.9,false,337,0.68,true,0,15000,,1350,,11.11,70,250,151.4,143.5,469.6,3,0,0,100,,,none,8000,3.59,4.05,5515e423
75,8,CONVERGENCE,5,src/config/levels/level59.ts,level59,,"Commit up, then time the platform and saw",false,false,,0,0,0,0,0,0,1,1,1,0,1,0,0,0,false,false,false,6,7,180,660,180,120,26,540,false,516,1,false,1,18000,,1783,,10.09,300,500,58.5,72.9,340,120,1,0,100,,,none,8000,5.01,5.37,bf945dc9
76,8,CONVERGENCE,6,src/config/levels/level62.ts,level62,,"Lift, commit right, time the gate, ride the well",false,false,,0,1,1,1,0,0,1,1,0,0,0,0,0,0,false,false,false,7,7,80,660,300,120,24,583.1,false,606,1.08,false,1,19000,,1983,,9.58,80,200,111,58.6,,,0,0,100,,,none,8000,4.79,5.14,81bbab20
77,8,CONVERGENCE,7,src/config/levels/level61.ts,level61,,"Commit, rift, then dodge the saw",false,false,,1,0,0,0,0,1,1,0,1,0,1,0,0,0,false,false,false,7,7,180,660,180,120,26,540,false,237,0.46,true,1,18000,,1083,,16.62,300,450,53,125.4,432,32,1,1,100,,,none,8000,4.59,4.94,f6c6df5b
78,8,CONVERGENCE,8,src/config/levels/level88.ts,level88,,More than one way up — and each way bites. Pick yours,false,false,AHA,1,1,0,0,0,1,0,0,2,0,2,0,0,0,false,false,false,8,6,180,670,180,120,30,550,false,198,0.38,true,0,15000,,983,,15.25,50,200,90.3,121.4,67,107.3,1,1,100,"hazard1 (sweep) swept extent leaves arena [234,366]x[584,616]",,none,8000,4.01,4.37,3cff4c28
79,8,CONVERGENCE,9,src/config/levels/level89.ts,level89,THE CONFLUENCE,Where the currents meet the rift waits — then time the spinning arm home,false,true,SIGNATURE,0,3,0,0,0,1,0,0,1,0,0,1,0,0,false,false,false,8,5,180,690,180,110,30,580,false,257,0.47,true,0,18000,,1133,,15.88,300,430,48.1,117.4,398,8,1,0,100,,,none,8000,4.13,4.47,4bf71193
80,8,CONVERGENCE,10,src/config/levels/level90.ts,level90,HOMECOMING,"Lift, breach, commit, slip the saw — bring the star home",true,false,BOSS,1,1,1,1,0,1,1,0,1,0,1,0,0,0,false,false,false,9,7,180,690,180,90,30,600,false,405,0.71,true,1,15000,19000,1517,12.53,9.89,300,490,50.9,125.4,442,82,1,1,100,,,none,8000,5.81,6.26,22c0d6f0
81,9,GAUNTLET,1,src/config/levels/level94.ts,level94,,Thread the sweeping bar,false,false,TEACH; PRECISION,0,0,0,0,0,0,0,1,0,0,0,0,0,0,false,false,false,4,6,180,690,180,120,36,570,false,540,1.01,false,0,13000,,1833,,7.09,300,300,54.4,69.6,,,0,0,100,,,none,8000,2.77,3.23,8203be66
82,9,GAUNTLET,2,src/config/levels/level95.ts,level95,,Up the gap — slip in behind the saw,false,false,TEACH,1,0,0,0,0,0,0,0,1,0,1,0,0,0,false,false,false,5,6,80,690,280,130,34,594.6,false,610,1.09,false,0,14000,,2000,,7,80,260,73.9,119.1,356.1,128,1,1,100,,,none,8000,3.76,4.3,3a4ada78
83,9,GAUNTLET,3,src/config/levels/level96.ts,level96,,"Read both bars — one window, then the next",false,false,DEVELOP,0,0,0,0,0,0,0,2,0,0,0,0,0,0,false,false,false,5,7,180,690,180,110,32,580,false,552,1.01,false,0,16000,,1867,,8.57,180,390,0,0,,,0,0,100,,,none,8000,2.99,3.27,743e3dcf
84,9,GAUNTLET,4,src/config/levels/level97.ts,level97,,Time the lift past the saw,false,false,DEVELOP,0,1,0,0,0,0,0,0,1,0,1,0,0,0,false,false,false,5,5,180,690,180,120,32,570,false,544,1.01,false,0,14000,,1850,,7.57,300,260,60.8,71.2,310,180,1,0,100,,,none,8000,3.93,4.37,1c726d3b
85,9,GAUNTLET,5,src/config/levels/level98.ts,level98,,Descend carefully between the spikes,false,false,TWIST; DESCENT,0,0,0,0,0,0,0,0,2,2,0,0,0,0,false,false,false,5,5,180,120,180,690,30,570,false,544,1.01,false,0,15000,,1850,,8.11,60,650,99.9,97,207.4,162.5,2,0,100,,,none,8000,4.02,4.48,4a087174
86,9,GAUNTLET,6,src/config/levels/level99.ts,level99,,"Lift, swing past the spike, time the gate",false,false,COMBINE,0,1,0,0,0,0,0,1,1,1,0,0,0,0,false,false,false,6,6,80,680,300,130,30,592.4,false,610,1.08,false,0,17000,,2000,,8.5,80,200,118.5,63.3,160,362.6,0,0,100,,,none,8000,3.9,4.29,ada9daee
87,9,GAUNTLET,7,src/config/levels/level100.ts,level100,,"Counter the wind, climb past the saw",false,false,COMBINE,0,1,0,0,0,0,0,0,1,0,1,0,0,0,false,false,false,5,5,180,680,160,120,30,560.4,false,537,1.01,false,0,15000,,1833,,8.18,300,250,77.1,76.2,127.7,289.1,0,0,100,,,none,8000,3.12,3.54,b8ba67f1
88,9,GAUNTLET,8,src/config/levels/level101.ts,level101,,"Weave the shelves, dodge the saw",false,false,COMBINE,2,0,0,0,0,0,0,0,1,0,1,0,0,0,false,false,false,6,7,70,690,300,130,28,605.4,false,758,1.31,false,0,16000,,2317,,6.91,70,260,88.8,44.3,476.8,15,1,2,100,,,none,8000,4.63,5.05,3990b104
89,9,GAUNTLET,9,src/config/levels/level102.ts,level102,THE GAUNTLET,"Lift, time the gate, slip the saw",false,true,SIGNATURE,0,1,0,0,0,0,0,1,1,0,1,0,0,0,false,false,false,6,6,180,690,300,110,26,592.3,false,605,1.07,false,0,19000,,1983,,9.58,180,560,3.4,0,422,82,1,0,100,,,none,8000,4.97,5.22,06fc9917
90,9,GAUNTLET,10,src/config/levels/level103.ts,level103,THE CRUCIBLE,Read the spin — take the side lanes home,true,false,BOSS,1,0,0,0,0,0,0,0,2,0,1,1,0,0,false,false,false,6,6,180,700,180,100,28,600,false,667,1.17,false,0,22000,,2117,,10.39,300,560,59.8,0,80,102,2,1,100,,,none,8000,5.17,5.4,3f6c8e6a
91,10,BINARY,1,src/config/levels/level104.ts,level104,,Let the well swing you across,false,false,TEACH,0,0,1,1,0,0,0,0,0,0,0,0,0,0,false,false,false,4,5,70,680,300,150,34,577.8,false,589,1.08,false,0,12000,,1950,,6.15,150,300,22.7,0,,,0,0,100,,,none,8000,2.81,3.2,0dd76b8d
92,10,BINARY,2,src/config/levels/level105.ts,level105,,Arc around the push,false,false,TEACH,0,0,1,0,1,0,0,0,0,0,0,0,0,0,false,false,false,4,5,180,680,180,140,34,540,false,508,1,false,0,13000,,1767,,7.36,300,500,55.8,72.9,,,0,0,100,,,none,8000,2.55,2.99,b1787703
93,10,BINARY,3,src/config/levels/level106.ts,level106,,"Through the gap, into the pull",false,false,DEVELOP,1,0,1,1,0,0,0,0,0,0,0,0,0,0,false,false,false,5,6,80,680,300,140,32,583.1,false,598,1.09,false,0,13000,,1967,,6.61,120,300,39.8,73.6,,,0,1,100,,,none,8000,2.93,3.42,b1a5c2e1
94,10,BINARY,4,src/config/levels/level107.ts,level107,,"Thread the gap, slip past the push",false,false,DEVELOP,2,0,1,0,1,0,0,0,0,0,0,0,0,0,false,false,false,6,7,180,690,180,130,32,560,false,532,1.01,false,0,15000,,1817,,8.26,300,560,63.3,72.9,,,0,0,100,,,none,8000,2.7,3.11,0aa1a1ad
95,10,BINARY,5,src/config/levels/level108.ts,level108,,"Past the push, into the pull",false,false,TWIST,0,0,2,1,1,0,0,0,0,0,0,0,0,0,false,false,false,5,5,70,680,300,140,30,586.9,false,603,1.08,false,0,16000,,1983,,8.07,130,320,25.6,0,,,0,0,100,,,none,8000,3.04,3.33,ca5ed875
96,10,BINARY,6,src/config/levels/level109.ts,level109,,"Swing past the spike, into the well",false,false,COMBINE,0,0,1,1,0,0,0,0,1,1,0,0,0,0,false,false,false,5,5,80,680,300,140,30,583.1,false,600,1.08,false,0,15000,,1967,,7.63,80,220,111,58.6,299.8,199.7,1,0,100,,,none,8000,3.93,4.34,5135b1e4
97,10,BINARY,7,src/config/levels/level110.ts,level110,,"Ride the lift, let the well pull you across",false,false,COMBINE,0,1,1,1,0,0,0,0,0,0,0,0,0,0,false,false,false,5,5,80,660,300,150,30,555.4,false,570,1.09,false,0,15000,,1900,,7.89,80,200,130.2,75,,,0,0,100,,,none,8000,3.27,3.7,a41b677f
98,10,BINARY,8,src/config/levels/level111.ts,level111,,Slalom between the two pushes,false,false,COMBINE,0,0,2,0,2,0,0,0,0,0,0,0,0,0,false,false,false,5,5,180,690,180,120,28,570,false,548,1.01,false,0,17000,,1850,,9.19,300,560,63,71.2,,,0,0,100,,,none,8000,2.94,3.32,43e7ada1
99,10,BINARY,9,src/config/levels/level112.ts,level112,THE BINARY STAR,Thread the line between the twin stars,false,true,SIGNATURE,0,0,2,2,0,0,0,0,0,0,0,0,0,0,false,false,false,5,5,180,700,180,110,26,590,false,568,1.01,false,0,19000,,1900,,10,180,560,0,0,,,0,0,100,,,none,8000,3.07,3.31,297d7d15
100,10,BINARY,10,src/config/levels/level113.ts,level113,THE PULSAR,Orbit the core — time your break home,true,false,BOSS; MASTER,0,0,1,0,1,0,0,0,1,0,0,1,0,0,false,false,false,5,5,180,700,180,100,28,600,false,576,1.01,false,0,22000,,1917,,11.48,300,300,50.9,71.2,112,112,1,0,100,,,none,8000,4.19,4.52,4678872e
101,11,LABYRINTH,1,src/config/levels/level114.ts,level114,,The rift is the only way up,false,false,TEACH,1,0,0,0,0,1,0,0,0,0,0,0,0,0,false,false,false,5,6,180,660,180,140,34,520,false,169,0.35,true,0,13000,,883,,14.72,300,560,73,112.7,,,0,1,100,,,none,8000,2.25,2.6,abafdef8
102,11,LABYRINTH,2,src/config/levels/level115.ts,level115,,Up through the gate — no going back,false,false,TEACH,0,0,0,0,0,0,1,0,0,0,0,0,0,0,false,false,false,4,6,180,660,180,140,34,520,false,488,1,false,1,13000,,1717,,7.57,300,540,67.3,72.9,,,0,0,100,,,none,8000,2.81,3.24,20b4cded
103,11,LABYRINTH,3,src/config/levels/level116.ts,level116,,The rift reaches the sealed chamber,false,false,DEVELOP,2,0,0,0,0,1,0,0,0,0,0,0,0,0,false,false,false,6,7,90,660,305,150,32,553.5,false,216,0.41,true,0,14000,,1033,,13.55,120,180,114.9,398,,,0,1,100,obstacle1 extends past arena,,none,8000,2.44,3.28,af6b06d4
104,11,LABYRINTH,4,src/config/levels/level117.ts,level117,,Commit down through the gate,false,false,DEVELOP; DESCENT,0,0,0,0,0,0,1,0,0,0,0,0,0,0,false,false,false,4,6,180,140,180,680,32,540,false,512,1.01,false,1,14000,,1767,,7.92,300,250,69.2,71.2,,,0,0,100,,,none,8000,2.96,3.38,af052af6
105,11,LABYRINTH,5,src/config/levels/level118.ts,level118,,Two rifts — which lands you home?,false,false,TWIST,1,0,0,0,0,2,0,0,0,0,0,0,0,0,false,false,false,6,6,180,690,300,130,30,572.7,false,230,0.42,true,0,15000,,1067,,14.06,90,200,146.8,130,,,0,1,100,,,none,8000,2.57,2.96,7c573de0
106,11,LABYRINTH,6,src/config/levels/level119.ts,level119,,"Up through the gate, then take the rift",false,false,COMBINE,1,0,0,0,0,1,1,0,0,0,0,0,0,0,false,false,false,6,7,180,680,180,140,30,540,false,225,0.44,true,1,16000,,1050,,15.24,300,460,52.4,123.1,,,0,1,100,,,none,8000,3.16,3.52,13515a32
107,11,LABYRINTH,7,src/config/levels/level120.ts,level120,,"Commit up, then rift across",false,false,COMBINE,0,0,0,0,0,1,1,0,0,0,0,0,0,0,false,false,false,5,6,90,680,300,140,30,579.4,false,401,0.73,true,1,16000,,1517,,10.55,90,250,87.7,48.7,,,0,0,100,,,none,8000,3.52,3.83,35abe3ce
108,11,LABYRINTH,8,src/config/levels/level121.ts,level121,,"Rift across, then dodge the saw",false,false,COMBINE,1,0,0,0,0,1,0,0,1,0,1,0,0,0,false,false,false,6,6,70,680,300,130,28,596.2,false,228,0.4,true,0,16000,,1067,,15,90,300,54.6,236.9,438,50,1,1,100,,,none,8000,3.87,4.42,19046445
109,11,LABYRINTH,9,src/config/levels/level122.ts,level122,HALL OF ECHOES,Chain the rifts up through the hall,false,true,SIGNATURE,2,0,0,0,0,2,0,0,0,0,0,0,0,0,false,false,false,7,7,90,700,180,110,26,596.8,false,122,0.21,true,0,19000,,733,,25.91,300,600,140.2,281.3,,,0,2,100,,,none,8000,2.55,3.11,7779f4e6
110,11,LABYRINTH,10,src/config/levels/level123.ts,level123,THE WARDEN,"Commit, rift, slip the saw — the well brings you home",true,false,BOSS,1,0,1,1,0,1,1,0,1,0,1,0,0,0,false,false,false,8,7,180,700,180,100,28,600,false,317,0.55,true,1,22000,,1300,,16.92,300,520,53.1,123.1,462,62.1,1,1,100,,,none,8000,4.95,5.3,98c6d03e
111,12,TEMPEST,1,src/config/levels/level124.ts,level124,,Time the sweeping saw,false,false,TEACH,0,0,0,0,0,0,0,0,1,0,1,0,0,0,false,false,false,4,5,180,680,180,130,32,550,false,520,1,false,0,13000,,1783,,7.29,300,300,56.6,72.9,238,228,1,0,100,,,none,8000,3.57,4.02,224cf6ba
112,12,TEMPEST,2,src/config/levels/level125.ts,level125,,Beat the clock — straight up,false,false,TEACH,0,0,0,0,0,0,0,0,0,0,0,0,0,0,false,false,false,3,5,180,680,180,130,34,550,false,520,1.01,false,0,9000,15000,1783,8.41,5.05,300,500,55.3,71.2,,,0,0,100,,,none,8000,2.99,3.58,ad487877
113,12,TEMPEST,3,src/config/levels/level126.ts,level126,,"Beat the clock, dodge the saw",false,false,DEVELOP,0,0,0,0,0,0,0,0,1,0,1,0,0,0,false,false,false,4,5,80,680,300,130,30,592.4,false,610,1.08,false,0,11000,15000,2000,7.5,5.5,80,260,83.2,28.1,348.3,131.2,1,0,100,,,none,8000,4.75,5.24,df8dd16a
114,12,TEMPEST,4,src/config/levels/level127.ts,level127,,Cross when the beam goes dark,false,false,DEVELOP,0,0,0,0,0,0,0,0,1,0,0,0,1,0,false,false,false,4,5,180,680,180,120,30,560,false,532,1,false,0,14000,,1817,,7.71,300,540,61.2,72.9,257,257,1,0,100,,,none,8000,3.7,4.13,c0de8e99
115,12,TEMPEST,5,src/config/levels/level128.ts,level128,,"Two saws, opposite beats — keep moving",false,false,TWIST,0,0,0,0,0,0,0,0,2,0,2,0,0,0,false,false,false,5,5,180,690,180,120,28,570,false,548,1.01,false,0,16000,,1850,,8.65,180,385,0,0,192,142,2,0,100,,,none,8000,4.74,5.01,49ac2c8c
116,12,TEMPEST,6,src/config/levels/level129.ts,level129,,Lift past the saw — fast,false,false,COMBINE,0,1,0,0,0,0,0,0,1,0,1,0,0,0,false,false,false,5,5,180,680,180,120,28,560,false,536,1.01,false,0,11000,16000,1833,8.73,6,300,260,61.2,71.2,300,180,1,0,100,,,none,8000,4.8,5.31,0f3f9070
117,12,TEMPEST,7,src/config/levels/level130.ts,level130,,"Rift, dodge, beat the clock",false,false,COMBINE,1,0,0,0,0,1,0,0,1,0,1,0,0,0,false,false,false,6,6,180,680,180,120,28,560,false,323,0.61,true,0,12000,17000,1317,12.91,9.11,300,540,61.2,180.3,422,62.1,1,1,100,,,none,8000,4.53,5.09,24914723
118,12,TEMPEST,8,src/config/levels/level131.ts,level131,,Time the spinning arm — quickly,false,false,COMBINE,0,0,0,0,0,0,0,0,1,0,0,1,0,0,false,false,false,4,5,180,690,180,110,26,580,false,560,1.01,false,0,12000,18000,1883,9.56,6.37,300,560,62.6,71.2,142,102,1,0,100,,,none,8000,4.59,5.08,439d0b41
119,12,TEMPEST,9,src/config/levels/level132.ts,level132,THE TEMPEST,"Ride the storm — lifts, saws, the beam",false,true,SIGNATURE,0,1,0,0,0,0,0,0,3,0,2,0,1,0,false,false,false,7,5,180,700,300,110,26,602.1,false,613,1.06,false,0,16000,22000,2000,11,8,180,640,1.3,0,122,118,3,0,100,,,none,8000,6.78,7.08,e6bcda80
120,12,TEMPEST,10,src/config/levels/level133.ts,level133,THE EYE OF THE STORM,Find the still centre — beat the clock home,true,false,BOSS,1,0,0,0,0,0,0,0,3,0,1,1,1,0,false,false,false,7,6,180,700,180,100,28,600,false,667,1.17,false,0,18000,24000,2117,11.34,8.5,300,560,59.8,0,72,38,3,1,100,,,none,8000,6.6,6.88,40121ae1
121,13,ASCENSION,1,src/config/levels/level134.ts,level134,,"Lift into the rift, then home",false,false,STAGE; OPENER,1,1,0,0,0,1,0,0,0,0,0,0,0,0,false,false,false,6,6,180,690,180,120,30,570,false,265,0.49,true,0,16000,,1167,,13.71,300,560,63,87.9,,,0,1,100,,,none,8000,2.94,3.27,afdcf31c
122,13,ASCENSION,2,src/config/levels/level135.ts,level135,,"Swing, commit, slip the saw",false,false,STAGE,0,0,1,1,0,0,1,0,1,0,1,0,0,0,false,false,false,6,6,70,690,300,130,30,605.4,false,625,1.09,false,1,18000,,2033,,8.85,70,300,70.6,11.7,464.2,32,1,0,100,,,none,8000,4.89,5.18,c01b2710
123,13,ASCENSION,3,src/config/levels/level136.ts,level136,,"Drift, time the gate, into the well",false,false,DEVELOP,0,1,1,1,0,0,0,1,0,0,0,0,0,0,false,false,false,6,6,180,690,180,120,28,570,false,548,1.01,false,0,18000,,1850,,9.73,60,560,63,71.2,,,0,0,100,,,none,8000,3.79,4.15,abaf6d7b
124,13,ASCENSION,4,src/config/levels/level137.ts,level137,,"Rift, lift, dodge — climb home",false,false,DEVELOP,1,1,0,0,0,1,0,0,1,0,1,0,0,0,false,false,false,7,6,80,690,300,120,28,611,false,269,0.46,true,0,19000,,1167,,16.29,90,320,49.2,211.1,466.5,42,1,1,100,,,none,8000,4.25,4.75,563396d4
125,13,ASCENSION,5,src/config/levels/level138.ts,level138,,"Descend by rift, then dodge to the pocket",false,false,TWIST; DESCENT,1,0,0,0,0,1,0,0,1,0,1,0,0,0,false,false,false,6,6,180,110,300,690,28,592.3,false,269,0.48,true,0,18000,,1167,,15.43,60,250,93.3,125.4,422,82,1,1,100,,,none,8000,3.95,4.32,77a20f6b
126,13,ASCENSION,6,src/config/levels/level139.ts,level139,,Slip the pushes into the rift,false,false,COMBINE,0,0,2,0,2,1,0,0,0,0,0,0,0,0,false,false,false,6,5,180,690,180,120,26,570,false,209,0.38,true,0,18000,,1000,,18,300,560,63,111.4,,,0,0,100,,,none,8000,3.03,3.35,d63b11ca
127,13,ASCENSION,7,src/config/levels/level140.ts,level140,,"Commit, fight the wind, dodge — fast",false,false,COMBINE,0,1,0,0,0,0,1,0,1,0,1,0,0,0,false,false,false,6,6,180,690,180,120,26,570,false,548,1.01,false,1,13000,19000,1850,10.27,7.03,60,480,51.3,72.9,294.4,131.7,0,0,100,,,none,8000,4.52,4.98,21ab84cf
128,13,ASCENSION,8,src/config/levels/level141.ts,level141,,"Lift, rift, well — slip the saw home",false,false,MASTER,0,1,1,1,0,1,0,0,1,0,1,0,0,0,false,false,false,7,5,80,690,300,120,24,611,false,473,0.81,true,0,20000,,1683,,11.88,80,260,79.8,58,425,84,1,0,100,,,none,8000,5.17,5.47,957e5ff9
129,13,ASCENSION,9,src/config/levels/level142.ts,level142,THE ASCENT,"Climb the rifts, floor by floor",false,true,SIGNATURE,2,0,0,0,0,2,0,0,1,0,1,0,0,0,false,false,false,8,7,180,720,180,90,24,630,false,122,0.2,true,0,20000,,733,,27.27,300,600,63.6,123.1,534,24.1,1,2,100,,,none,8000,3.85,4.14,23a27f52
130,13,ASCENSION,10,src/config/levels/level143.ts,level143,THE SUMMIT,"Launch, weave the spin — the well brings you home",true,false,BOSS,1,1,1,1,0,0,0,0,2,0,1,1,0,0,false,false,false,8,6,180,720,180,90,26,630,false,699,1.16,false,0,22000,,2183,,10.08,300,560,55.1,0,122,114,2,1,100,,,none,8000,5.92,6.16,e671ed22
131,14,SINGULARITY,1,src/config/levels/level144.ts,level144,,Thread the needle,false,false,PRECISION,2,0,0,0,0,0,0,0,0,0,0,0,0,0,false,false,false,5,7,180,690,180,120,26,570,false,548,1.01,false,0,14000,,1850,,7.57,180,400,0,0,,,0,0,100,,,none,8000,2.73,3.05,f5623bd1
132,14,SINGULARITY,2,src/config/levels/level145.ts,level145,,Slip the saw to the small goal,false,false,PRECISION,0,0,0,0,0,0,0,0,1,0,1,0,0,0,false,false,false,4,5,80,690,300,120,24,611,false,638,1.09,false,0,14000,,2050,,6.83,80,260,79.8,23.4,419.1,82,1,0,100,,,none,8000,4.31,4.7,8a768c2a
133,14,SINGULARITY,3,src/config/levels/level146.ts,level146,,Weave the pushes — tiny target,false,false,PRECISION,0,0,2,0,2,0,0,0,0,0,0,0,0,0,false,false,false,5,5,180,690,180,110,22,580,false,564,1.01,false,0,17000,,1883,,9.03,300,560,62.6,71.2,,,0,0,100,,,none,8000,3.27,3.65,f91ba0e7
134,14,SINGULARITY,4,src/config/levels/level147.ts,level147,,Rift into the pocket,false,false,PRECISION,2,0,0,0,0,1,0,0,0,0,0,0,0,0,false,false,false,6,7,90,690,300,140,24,588.7,false,141,0.25,true,0,16000,,800,,20,120,250,63.2,243.8,,,0,2,100,,,none,8000,2.69,3.22,b7b6e194
135,14,SINGULARITY,5,src/config/levels/level148.ts,level148,,"Weave fast — small goal, hard clock",false,false,TWIST; PRECISION,2,0,0,0,0,0,0,0,0,0,0,0,0,0,false,false,false,5,7,180,690,300,120,22,582.5,false,731,1.3,false,0,10000,15000,2267,6.62,4.41,70,560,84.3,104.7,,,0,2,100,,,none,8000,4.57,5.29,da7d2da7
136,14,SINGULARITY,6,src/config/levels/level149.ts,level149,,"Swing, commit, slip the saw",false,false,COMBINE,0,0,1,1,0,0,1,0,1,0,1,0,0,0,false,false,false,6,6,70,690,300,110,22,623.9,false,653,1.09,false,1,19000,,2083,,9.12,70,300,64.4,2.3,485.7,34,1,0,100,,,none,8000,5.34,5.61,1fade562
137,14,SINGULARITY,7,src/config/levels/level150.ts,level150,,"Lift, time the gate, mind the saw",false,false,COMBINE,0,1,0,0,0,0,0,1,1,0,1,0,0,0,false,false,false,6,6,180,690,180,110,22,580,false,564,1.01,false,0,18000,,1883,,9.56,60,560,62.6,71.2,140.9,305.8,0,0,100,,,none,8000,4.12,4.49,b4db0156
138,14,SINGULARITY,8,src/config/levels/level151.ts,level151,,"Rift, well, slip the saw",false,false,COMBINE,1,0,1,1,0,1,0,0,1,0,1,0,0,0,false,false,false,7,6,80,690,300,120,22,611,false,253,0.43,true,0,19000,,1133,,16.76,90,320,49.2,236.2,425,84,1,1,100,,,none,8000,4.52,5.06,9d01e2c9
139,14,SINGULARITY,9,src/config/levels/level152.ts,level152,THE EVENT HORIZON,Skirt the horizon — don't fall in,false,true,SIGNATURE,0,0,1,1,0,0,0,0,1,0,0,1,0,0,false,false,false,5,5,180,700,180,110,22,590,false,572,1.01,false,0,20000,,1900,,10.53,300,300,52.3,71.2,114,104,1,0,100,,,none,8000,4.48,4.83,3195ab01
140,14,SINGULARITY,10,src/config/levels/level153.ts,level153,THE SINGULARITY,"Ride the pull, break at the apex — bring the star home",true,false,BOSS,0,0,1,1,0,0,0,0,2,0,1,1,0,0,false,false,false,6,5,180,710,180,100,24,610,false,592,1.01,false,0,22000,,1950,,11.28,300,560,57.5,71.2,72,234,2,0,100,,,none,8000,5.33,5.66,fdeef215
141,15,HOMECOMING,1,src/config/levels/level154.ts,level154,,One more journey home — ride the lift,false,false,REPRISE,0,1,0,0,0,0,0,0,0,0,0,0,0,0,false,false,false,4,5,180,690,180,130,30,560,false,536,1.01,false,0,13000,,1833,,7.09,300,300,56.1,71.2,,,0,0,100,,,none,8000,2.81,3.27,3292e75c
142,15,HOMECOMING,2,src/config/levels/level155.ts,level155,,Let the well carry you,false,false,REPRISE,0,0,1,1,0,0,0,0,0,0,0,0,0,0,false,false,false,4,5,70,680,300,140,30,586.9,false,603,1.08,false,0,14000,,1983,,7.06,150,300,20.7,0,,,0,0,100,,,none,8000,3.04,3.38,794f7e63
143,15,HOMECOMING,3,src/config/levels/level156.ts,level156,,"Through the rift, almost home",false,false,REPRISE,1,0,0,0,0,1,0,0,0,0,0,0,0,0,false,false,false,5,6,180,680,180,140,28,540,false,197,0.38,true,0,14000,,967,,14.48,300,560,66.5,111.4,,,0,1,100,,,none,8000,2.6,2.96,4c765e12
144,15,HOMECOMING,4,src/config/levels/level157.ts,level157,,"Lift, then commit through the gate",false,false,DEVELOP,0,1,0,0,0,0,1,0,0,0,0,0,0,0,false,false,false,5,6,180,680,180,130,28,550,false,524,1,false,1,16000,,1800,,8.89,300,560,66.1,72.9,,,0,0,100,,,none,8000,3.48,3.87,46ddcfbf
145,15,HOMECOMING,5,src/config/levels/level158.ts,level158,,Bring it gently down,false,false,TWIST; DESCENT,1,0,0,0,0,0,0,0,1,0,1,0,0,0,false,false,false,5,6,180,110,180,690,30,580,false,660,1.2,false,0,16000,,2100,,7.62,300,250,60.5,0,392,112,1,1,100,,,none,8000,4.19,4.51,fe8e561d
146,15,HOMECOMING,6,src/config/levels/level159.ts,level159,,"Lift, swing, slip the saw",false,false,COMBINE,0,1,1,1,0,0,0,0,1,0,1,0,0,0,false,false,false,6,5,80,680,300,130,26,592.4,false,614,1.08,false,0,18000,,2000,,9,80,220,105.3,53.2,162,231.3,1,0,100,,,none,8000,4.76,5.12,ee2f8ed9
147,15,HOMECOMING,7,src/config/levels/level160.ts,level160,,"Commit, rift, into the pull",false,false,COMBINE,1,0,1,1,0,1,1,0,0,0,0,0,0,0,false,false,false,7,7,180,690,180,130,26,560,false,305,0.57,true,1,18000,,1267,,14.21,60,470,51.2,125.4,,,0,1,100,,,none,8000,3.83,4.2,5325ecfa
148,15,HOMECOMING,8,src/config/levels/level161.ts,level161,,"Every gift, one flowing run",false,false,COMBINE,1,1,1,1,0,1,0,0,1,0,1,0,0,0,false,false,false,8,6,80,700,300,110,26,629.7,false,489,0.81,true,0,20000,,1717,,11.65,180,640,30.4,62,439.4,94,1,1,100,,,none,8000,5.1,5.41,f0ab38f7
149,15,HOMECOMING,9,src/config/levels/level162.ts,level162,THE HOMEWARD PATH,"Lift, rift, commit — the last stretch home",false,true,SIGNATURE,1,1,1,1,0,1,1,0,0,0,0,0,0,0,false,false,false,8,7,180,710,180,100,24,610,false,353,0.6,true,1,20000,,1383,,14.46,300,510,50.4,125.4,,,0,1,100,,,none,8000,4.33,4.7,c41f04c3
150,15,HOMECOMING,10,src/config/levels/level163.ts,level163,THE LONG WAY HOME,"Lift, breach, commit, slip the saw — bring the star home",true,false,FINALE; BOSS,1,1,1,1,0,1,1,0,1,0,1,0,0,0,false,false,false,9,7,180,710,180,90,28,620,false,371,0.63,true,1,16000,24000,1433,16.74,11.16,300,520,51.2,123.1,472,72,1,1,100,,,none,8000,5.72,6.14,498c2ebb